SQL> select onum as "ORDER NO", snum as "SALESPERSON NO", amt*.12 as "COMMISSION" from orders;

  ORDER NO SALESPERSON NO COMMISSION                                            
---------- -------------- ----------                                            
      3001           1007     2.2428                                            
      3003           1001    92.0628                                            
      3002           1004    228.012                                            
      3005           1002    619.254                                            
      3006           1007   131.7792                                            
      3009           1003   205.5876                                            
      3007           1002       9.09                                            
      3008           1001     566.76                                            
      3010           1002    157.194                                            
      3011           1001  1187.0256                                            

10 rows selected.

SQL> select city, max(rating) as "HIGHEST RATING" from customers group by city;

CITY       HIGHEST RATING                                                           
---------- ----------                                                           
London            100                                                           
Berlin            300                                                           
Rome              200                                                           
San Jose          300                                                           

SQL> select rating, cname, cnum from customers order by rating desc;

    RATING CNAME            CNUM                                                
---------- ---------- ----------                                                
       300 Grass            2004                                                
       300 Cisneros         2008                                                
       200 Liu              2003                                                
       200 Giovanni         2002                                                
       100 Pereira          2007                                                
       100 Clemens          2006                                                
       100 Hoffman          2001                                                

7 rows selected.

SQL> select * from (select odate, sum(amt) as TOTAL from orders group by odate) order by TOTAL desc;

ODATE          TOTAL                                                                                                                                                                                                                                                                                                                                          
--------- ----------                                                                                                                                                                                                                                                                                                                                          
06-OCT-90   11201.83                                                                                                                                                                                                                                                                                                                                          
03-OCT-90    8944.59                                                                                                                                                                                                                                                                                                                                          
05-OCT-90       4723                                                                                                                                                                                                                                                                                                                                          
04-OCT-90    1788.98                                                                                                                                                                                                                                                                                                                                          
