SQL> select orders.onum "ORDER NO", customers.cname CUSTOMER from orders inner join customers on orders.cnum = customers.cnum;

  ORDER NO CUSTOMER                                                             
---------- ----------                                                           
      3001 Cisneros                                                             
      3003 Hoffman                                                              
      3002 Pereira                                                              
      3005 Liu                                                                  
      3006 Cisneros                                                             
      3009 Giovanni                                                             
      3007 Grass                                                                
      3008 Clemens                                                              
      3010 Grass                                                                
      3011 Clemens                                                              

10 rows selected.

SQL> select orders.onum "ORDER NO", salespeople.sname "SALESPERSON", customers.cname "CUSTOMER" from orders inner join customers on orders.cnum = customers.cnum inner join salespeople on orders.snum = salespeople.snum;

  ORDER NO SALESPERSO CUSTOMER                                                  
---------- ---------- ----------                                                
      3003 Peel       Hoffman                                                   
      3009 Axelrod    Giovanni                                                  
      3005 Serres     Liu                                                       
      3010 Serres     Grass                                                     
      3007 Serres     Grass                                                     
      3011 Peel       Clemens                                                   
      3008 Peel       Clemens                                                   
      3006 Rifkin     Cisneros                                                  
      3001 Rifkin     Cisneros                                                  
      3002 Motika     Pereira                                                   

10 rows selected.

SQL> select customers.cname, salespeople.sname, salespeople.comm from customers inner join salespeople on customers.snum = salespeople.snum where salespeople.comm > .12;

CNAME      SNAME            COMM                                                
---------- ---------- ----------                                                
Liu        Serres            .13                                                
Grass      Serres            .13                                                
Cisneros   Rifkin            .15                                                
